name,address,rating,phone,website,city,state
Light Up Your Holidays,"2211 W Foster Ave, Chicago, IL 60625, United States",4.9,(312) 728-8499,https://lightupyourholidays.com/?utm_source=google&utm_medium=organic&utm_campaign=gbp,Chicago,IL
Light Up Your Holidays,"10 E Delaware Pl, Chicago, IL 60611, United States",5,(312) 883-1561,http://www.lightupyourholidays.com/,Chicago,IL
Holiday Bright Lights,"4342 Di Paolo Center, Glenview, IL 60025, United States",5,(312) 226-8281,https://www.holidaybrightlights.com/,Chicago,IL
American Holiday Lights,"6813 Hobson Valley Dr STE 101, Woodridge, IL 60517, United States",4.5,(630) 769-9999,https://americanholidaylights.com/,Chicago,IL
Christmas lights in Chicago Ridge,"10936 Lyman Ave, Chicago Ridge, IL 60415, United States",4.4,N/A,N/A,Chicago,IL
Lightology,"215 W Chicago Ave, Chicago, IL 60654, United States",4.6,(866) 954-4489,https://www.lightology.com/,Chicago,IL
Windy City Lights Inc.,"333 Charles Ct STE 101, West Chicago, IL 60185, United States",5,(630) 293-3509,http://www.windycitylights.com/,Chicago,IL
Northern Holiday Lighting,"1101 Midway Rd, Northbrook, IL 60062, United States",5,(847) 242-1386,https://www.chicagolandholidaylighting.com/,Chicago,IL
Hangout Lighting,"450 N Leavitt St, Chicago, IL 60612, United States",4.7,(224) 817-4101,http://www.hangoutlighting.com/,Chicago,IL
Chicago Christmas Tree,"Chicago, IL 60601, United States",4.6,N/A,N/A,Chicago,IL
NiteLights Holiday Lighting,"9925 W 143rd St, Orland Park, IL 60462, United States",5,(708) 351-4526,https://nitelightsofchicago.com/,Chicago,IL
Illuminight Holiday Lighting,"954 1st St Unit 394, Highland Park, IL 60035, United States",1,(312) 685-4448,https://www.illuminightlights.com/,Chicago,IL
GL LED US LIGHTING,"2996 S Archer Ave, Chicago, IL 60608, United States",4.4,(312) 600-9363,http://www.glledus.com/,Chicago,IL
“NaperLights” Holiday Lights Display,"120 Water St, Naperville, IL 60540, United States",4.3,N/A,https://naperlights.com/,Chicago,IL
Visual Comfort & Co.,"444 N Wells St, Chicago, IL 60654, United States",4.7,(312) 321-1869,https://www.visualcomfort.com/chicago/,Chicago,IL
Lumina Galleries,"230 West Superior Street Suite LLN, 230 W Superior St #700, Chicago, IL 60654, United States",5,(312) 642-6826,http://www.luminagalleries.com/,Chicago,IL
Active Electrical Supply & Fox Lighting Galleries,"4240 W Lawrence Ave, Chicago, IL 60630, United States",4.7,(773) 282-6300,https://www.foxlightinggalleries.com/,Chicago,IL
Holiday Lights Phoenix,"6505 W Frye Rd # 16, Chandler, AZ 85226, United States",4.9,(480) 531-9780,http://holidaylightsphx.com/,Phoenix,AZ
Holiday Light Co,"720 N Golden Key St C4, Gilbert, AZ 85233, United States",5,(602) 478-9410,https://www.holidaylightco.com/,Phoenix,AZ
H&B Holiday Lighting,"26207 N 83rd Dr, Peoria, AZ 85383, United States",5,(602) 698-9298,https://handbholidaylighting.com/?utm_campaign=gmb&utm_medium=organic&utm_source=google,Phoenix,AZ
Glendale Glitters,"N 58th Ave & W Glendale Ave, 5800 W Glenn Dr, Glendale, AZ 85301, United States",4.2,(623) 930-2299,http://www.glendaleaz.com/,Phoenix,AZ
Valley Christmas Lights,"7301 N 16th St Suite 102, Phoenix, AZ 85020, United States",4.7,(602) 932-0765,https://valleychristmaslights.com/?utm_source=gmb&utm_medium=organic&utm_campaign=Phoenix,Phoenix,AZ
Stay Off the Roof,"4602 E Elwood St #5, Phoenix, AZ 85040, United States",4.9,(480) 567-7088,https://stayofftheroof.com/?utm_source=GMB&utm_medium=Organic&utm_campaign=Phoenix,Phoenix,AZ
Magic Touch Holiday Lighting,"3411 E Corona Ave Suite 107, Phoenix, AZ 85040, United States",5,(602) 919-9730,http://www.magictouchlighting.com/,Phoenix,AZ
North Phoenix Lights,"18639 N 1st Ave, Phoenix, AZ 85027, United States",4.4,N/A,http://northphoenixlights.com/,Phoenix,AZ
Holiday Lights Decorating,"2625 E University Dr, Phoenix, AZ 85034, United States",4.2,(602) 692-4668,http://holidaylightsdecorating.com/,Phoenix,AZ
Miracle on 34th Lane Christmas Lights Display,"22415 N 34th Ln, Phoenix, AZ 85027, United States",4.9,N/A,https://m.facebook.com/1452620738140511/,Phoenix,AZ
Cox Family Lights,"8607 E Vía Del Palacio, Scottsdale, AZ 85258, United States",4.8,(480) 204-6397,N/A,Phoenix,AZ
Level 5 Lighting,"221 E Willis Rd Suite 18, Chandler, AZ 85286, United States",5,(602) 643-5922,https://level5lighting.com/,Phoenix,AZ
Arizona Event & Holiday Lighting,"6205 W North Ln, Glendale, AZ 85302, United States",5,(602) 793-5791,https://azeventandholidaylighting.com/,Phoenix,AZ
PHX LIGHT,"10052 W Foothill Dr, Peoria, AZ 85383, United States",0,(623) 400-2034,https://phxlight.com/,Phoenix,AZ
Spirit Lighting,"3914 E Roeser Rd, Phoenix, AZ 85040, United States",5,(602) 535-2600,http://spiritlightingaz.com/,Phoenix,AZ
Phoenix Winter Wonderland,"4237 W State Ave, Phoenix, AZ 85051, United States",4.7,(623) 937-3482,http://phoenixwinterwonderland.com/,Phoenix,AZ
Custom Holiday Lights,"15855 N Greenway Hayden Loop #130, Scottsdale, AZ 85260, United States",5,(480) 675-0151,https://customholidaylights.com/,Phoenix,AZ
The Festival of Lights,"1010 E Marketplace Wy SE, Phoenix, AZ 85048, United States",4.3,(480) 270-4365,http://www.folaz.org/,Phoenix,AZ
AZ Christmas Light Tour Blasian,"2323 E Magnolia St Suit 124, Phoenix, AZ 85034, United States",4.8,(602) 466-3351,https://www.azchristmaslighttour.com/,Phoenix,AZ
Desert Christmas Lighting,"2015 W Union Hills Dr, Phoenix, AZ 85027, United States",5,(602) 691-7931,https://desertchristmaslighting.com/,Phoenix,AZ
LA Holiday Lights,"137 N Larchmont Blvd Suite 109, Los Angeles, CA 90004, United States",4.7,(424) 256-5695,http://www.laholidaylights.com/,Los Angeles,CA
The Lighter Side Event Lighting & Holiday Lighting,"5148 Washington Blvd, Los Angeles, CA 90016, United States",4.8,(310) 338-8000,http://www.specialeventlighting.com/,Los Angeles,CA
Holiday Lighting Los Angeles - A Holiday Lighting Company,"5148 Washington Blvd, Los Angeles, CA 90016, United States",0,(310) 338-8000,https://holidaylightinglosangeles.com/,Los Angeles,CA
Brite Nites | Holiday & Outdoor Lighting,"100 Wilshire Blvd #700, Santa Monica, CA 90401, United States",5,(213) 816-7348,http://britenites.com/,Los Angeles,CA
The Holiday House,"3547 McLaughlin Ave, Los Angeles, CA 90066, United States",4.8,(310) 745-2788,http://marvistaeggcompany.com/,Los Angeles,CA
Lights Up Today,"2711 N Sepulveda Blvd #1004, Manhattan Beach, CA 90266, United States",5,(310) 356-9577,http://www.lightsuptoday.com/,Los Angeles,CA
LA Christmas Light Installers,"13770 Prairie Ave, Hawthorne, CA 90250, United States",4.4,(310) 916-6069,http://www.lachristmaslightinstallers.com/,Los Angeles,CA
Elegant Outdoor Lights,"1947 Kelton Ave, Los Angeles, CA 90025, United States",5,(310) 499-8814,http://www.elegantoutdoorlights.com/,Los Angeles,CA
Holiday Road,"26800 Mulholland Hwy, Calabasas, CA 91302, United States",3.8,(844) 868-0476,https://holidayroadusa.com/,Los Angeles,CA
Yolanda Lights Holiday Christmas Light Display,"7330 Yolanda Ave, Reseda, CA 91335, United States",4.7,(818) 455-6803,N/A,Los Angeles,CA
Hang Ten Holiday Lights,"41 S Chester Ave Suite A2, Pasadena, CA 91106, United States",4.8,(626) 314-6099,https://hangtenholidaylights.com/,Los Angeles,CA
Imagine Lighting Company,"1082 251st St, Harbor City, CA 90710, United States",5,(310) 940-0731,http://www.imagine-lighting.com/,Los Angeles,CA
"Public Art ""Urban Light""","5905 Wilshire Blvd, Los Angeles, CA 90036, United States",4.6,(323) 857-6000,https://collections.lacma.org/node/214966,Los Angeles,CA
Outdoor Christmas light hanging,"11821 Pounds Ave, Whittier, CA 90604, United States",5,(562) 242-8953,N/A,Los Angeles,CA
Holiday Light Installations - Lighting Service,"10621 Bloomfield St #22, Los Alamitos, CA 90720, United States",5,(562) 850-3235,http://www.holidaylightinstallationsco.com/?utm_source=Google&utm_medium=GMB&utm_campaign=GoogleMyBusiness,Los Angeles,CA
The Christmas Light Guys,"19528 Ventura Blvd #100, Tarzana, CA 91356, United States",4,(818) 347-0007,http://www.christmaslightguys.com/contact.html,Los Angeles,CA
Lamps Expo,"323 S La Brea Ave, Los Angeles, CA 90036, United States",4.3,(323) 938-6026,https://www.lampsexpo.com/,Los Angeles,CA
Christmas Brothers,"13826 Prairie Ave, Hawthorne, CA 90250, United States",4.9,N/A,http://www.christmasbrothers.com/,Los Angeles,CA
Miracle on 13th Street,"1700 S 13th St, Philadelphia, PA 19148, United States",4.8,N/A,https://www.facebook.com/themiracleonsouth13thstreet,Philadelphia,PA
Brite Nites,"2929 Arch St Suite 1700, Philadelphia, PA 19104, United States",4.8,(973) 963-2933,http://britenites.com/,Philadelphia,PA
Elves N Ladders,"151 Mercy St, Philadelphia, PA 19148, United States",4.9,(267) 403-5837,http://elvesnladders.com/,Philadelphia,PA
Smedley Christmas Display,"2700 S Smedley St, Philadelphia, PA 19145, United States",4.9,N/A,N/A,Philadelphia,PA
Main Line Christmas Lights,"462 Germantown Pike suite 15, Lafayette Hill, PA 19444, United States",5,(610) 989-2324,https://www.mainlinechristmaslights.com/,Philadelphia,PA
Bright Holiday Lighting,"151 Discovery Dr Suite 112, Colmar, PA 18915, United States",4.3,(215) 357-3058,http://www.brightholidaylighting.com/,Philadelphia,PA
Colonial Drive Lights,"155 Colonial Dr, Langhorne, PA 19047, United States",4.8,N/A,N/A,Philadelphia,PA
Arch Street Lighting,"120 Arch St, Philadelphia, PA 19106, United States",4.8,(215) 925-4660,http://www.archstreetlighting.com/,Philadelphia,PA
Christmas on Kimball,"800 Kimball St, Philadelphia, PA 19147, United States",4.4,(302) 521-0020,N/A,Philadelphia,PA
Holiday Lights PA,"117 Schoolview Ln, Oxford, PA 19363, United States",5,(484) 881-3583,http://www.holidaylightspa.com/,Philadelphia,PA
Light Your Night,"420 N Penn St Suite 2, Spring City, PA 19475, United States",5,N/A,http://www.ihatechristmaslights.com/,Philadelphia,PA
Orman Inc,"2254 Weccacoe Ave, Philadelphia, PA 19148, United States",4.8,(215) 334-1313,http://www.ormaninc.com/,Philadelphia,PA
Details Lighting Inc.,"165-167 Bala Ave, Bala Cynwyd, PA 19004, United States",4.6,(610) 667-9938,http://detailslightinginc.com/,Philadelphia,PA
Christmas Village in Philadelphia,"1500 John F Kennedy Blvd, Philadelphia, PA 19102, United States",4.5,N/A,http://www.philachristmas.com/,Philadelphia,PA
Ignite Christmas Lighting,"9135 Spring Branch Dr UNIT 202, Houston, TX 77080, United States",5,(832) 377-4870,http://www.ignitechristmaslighting.com/,Houston,TX
River Oaks Christmas Lights,"1700 River Oaks Blvd, Houston, TX 77019, United States",4.6,(713) 489-5650,http://www.riveroakschristmaslights.com/,Houston,TX
Bright Lights,"12407 Sowden Rd, Houston, TX 77080, United States",4.2,(281) 377-1055,http://www.brightlightshouston.com/,Houston,TX
Christmas Lights Houston,"1802 Watercrest Dr Central, Houston, TX 77008, United States",4.7,(713) 206-9913,N/A,Houston,TX
Holy Christmas Lights,"18303 Strack Dr, Spring, TX 77379, United States",5,(832) 356-6005,https://www.holychristmaslights.com/,Houston,TX
Christmas Lights of Houston,"9327 N Fitzgerald Way, Missouri City, TX 77459, United States",5,(832) 449-2669,https://christmaslightshoustontx.com/,Houston,TX
Christmas Wonder Lights,"22635 Indian Ridge Dr, Katy, TX 77450, United States",5,(281) 545-7740,https://www.christmaswonderlights.com/?utm_source=google&utm_medium=wix_google_business_profile&utm_campaign=5585958011659850614,Houston,TX
Astoria Lighting Co - Houston,"600 Century Plaza Dr Suite C-115, Houston, TX 77073, United States",5,(346) 231-0679,https://astorialightingco.com/houston-texas/,Houston,TX
JellyFish Lighting Houston,"1718 N Fry Rd, Houston, TX 77084, United States",4.8,(281) 698-5930,https://jellyfishlighting.com/,Houston,TX
LIGHT,"4202 Richmond Ave., Houston, TX 77027, United States",4.5,(713) 640-5568,http://thelightcompany.net/,Houston,TX
Lighting Inc,"4218 Richmond Ave., Houston, TX 77027, United States",4.3,(713) 623-6500,https://www.lightinginc.com/,Houston,TX
Blingle Premier Lighting,"9909 Harwin Dr. Suite R, Houston, TX 77036, United States",5,(713) 575-2575,https://blingle.com/houston-tx?frlocid=b-120&utm_source=gbp&utm_medium=organic+search,Houston,TX
Heights Lights & Things,"250 Patton St Ste F, Houston, TX 77009, United States",4.7,(713) 861-0607,http://www.theheightslightsandthings.com/,Houston,TX
Certified Christmas Lights,"9311 Hammerly Blvd, Houston, TX 77080, United States",5,(713) 364-2383,http://www.certifiedchristmaslights.com/,Houston,TX
Kingdom Lighting & Services,"2211 Rayford Rd, Spring, TX 77386, United States",4.8,(832) 510-7229,http://www.kingdomls.com/,Houston,TX
LBX Lighting - Chandelier and Light Bulb Express,"3211 Fondren Rd, Houston, TX 77063, United States",4.9,(713) 529-0250,https://www.lbxlighting.com/,Houston,TX
Majestic Landscape Lighting Design & Lighting Installation,"875 N Eldridge Pkwy #356, Houston, TX 77079, United States",5,(888) 885-2653,http://majesticlightdesign.com/,Houston,TX
Lone Star Christmas Lighting,"24800 I-45 Ste 312, The Woodlands, TX 77386, United States",5,(346) 382-8132,http://www.christmaslightsofhouston.com/,Houston,TX
Winter Holiday Christmas Light Show,"20910 Bayeux Ln, Spring, TX 77388, United States",4.4,N/A,https://www.youtube.com/user/aggiebrew95,Houston,TX
Lighting Plus Inc,"3627 Fondren Rd, Houston, TX 77063, United States",4.5,(713) 784-2440,https://lightingplus.com/,Houston,TX
Cool Lights,"1300 W Sam Houston Pkwy S Suite 100 #209, Houston, TX 77042, United States",5,(833) 260-4499,http://coollight.co/,Houston,TX
Lights Alive! Drive Thru Christmas Lights (Houston),"12300 N Fwy Service Rd, Houston, TX 77060, United States",4.4,N/A,http://seelightsalive.com/,Houston,TX
The Light Park - Katy,"555 Katy Fort Bend Rd Parking Lot, Katy, TX 77494, United States",4.4,N/A,https://www.thelightpark.com/,Houston,TX
Enchanted Lights Halloween Drive Thru (Houston),"12300 N Fwy Service Rd, Houston, TX 77060, United States",4.9,N/A,http://enchantedlights.com/,Houston,TX
Elite Lighting Designs Inc.,"8442 Gault Ln, San Antonio, TX 78209, United States",4.9,(210) 573-0594,https://elitelightingdesigns.com/,San Antonio,TX
Norland Street Christmas Lights,"13511 Norland St, San Antonio, TX 78232, United States",4.7,N/A,N/A,San Antonio,TX
Astoria Lighting Co - San Antonio,"2638 Kerrybrook Ct Suite 104, San Antonio, TX 78230, United States",5,(726) 800-6843,https://astorialightingco.com/,San Antonio,TX
Old West Christmas Light Fest,"242 TX-46 Unit C, Boerne, TX 78006, United States",4,(830) 215-0686,https://christmaslightfest.com/,San Antonio,TX
Lightscape,"555 Funston Pl, San Antonio, TX 78209, United States",3.1,N/A,https://www.sabot.org/light-scape/,San Antonio,TX
Outdoor Lighting Company San Antonio,"20403 Encino Ledge #591263, San Antonio, TX 78259, United States",5,(210) 602-7100,http://www.olcpro.com/,San Antonio,TX
Lighting Inc.,"2802 N Loop 1604 W, San Antonio, TX 78248, United States",4.2,(210) 541-8500,https://www.lightinginc.com/,San Antonio,TX
Windcrest Light Up,"Windcrest, TX 78239, United States",4.5,(210) 655-0022,https://www.sanantoniothingstodo.com/christmas-lights-in-windcrest-san-antonio-holiday-light-up/,San Antonio,TX
Lights Alive,"6815 Roft Rd, San Antonio, TX 78253, United States",4.9,N/A,https://seelightsalive.com/,San Antonio,TX
The Perfect Light,"943 Clydeville Rd, San Antonio, TX 78216, United States",4.8,(210) 920-7777,https://theperfectlight.com/,San Antonio,TX
Elf Acres Christmas light park,"1475 Grosenbacher Rd, San Antonio, TX 78245, United States",4.4,N/A,https://www.elfacres.com/,San Antonio,TX
Hudson Street Lighting San Antonio,"10707 Lake Path Dr, San Antonio, TX 78217, United States",5,(210) 571-1411,https://hudsonstreetlighting.com/locations/texas/san-antonio-outdoor-lighting-company/,San Antonio,TX
"Holiday Inn San Antonio-Riverwalk, an IHG Hotel","217 N St Mary's St, San Antonio, TX 78205, United States",4.2,(210) 224-2500,https://www.ihg.com/holidayinn/hotels/us/en/san-antonio/satrw/hoteldetail?cm_mmc=GoogleMaps-_-HI-_-US-_-SATRW,San Antonio,TX
Glo Geeks Landscape Lighting Installation,"30425 Smithson Valley Rd, San Antonio, TX 78261, United States",5,(210) 893-2356,https://glogeeks.com/?utm_source=organic&utm_medium=gmb,San Antonio,TX
Stevens Lighting,"10215 McCullough Ave, San Antonio, TX 78216, United States",4.5,(210) 344-8400,http://www.stevenslighting.com/,San Antonio,TX
"Holiday Inn Express & Suites San Antonio-Dtwn Market Area, an IHG Hotel","102 El Paso St, San Antonio, TX 78204, United States",3.8,(210) 277-1000,https://www.ihg.com/holidayinnexpress/hotels/us/en/san-antonio/satep/hoteldetail?cm_mmc=GoogleMaps-_-EX-_-US-_-SATEP,San Antonio,TX
Turney Lighting & Electric,"2501 Northwest Loop 410 Suite B, San Antonio, TX 78230, United States",3.7,(210) 308-9966,https://www.turneylighting.com/,San Antonio,TX
Dyker Heights Christmas Lights,"1072 80th St 1st. Floor, Brooklyn, NY 11228, United States",4.7,(855) 395-3754,https://www.dykerheightschristmaslights.com/,New York,NY
MR HOLIDAYS LIGHTING,"534 Merrick Rd Suite E, Lynbrook, NY 11563, United States",4.7,(516) 581-9336,http://www.mrholidayslighting.com/,New York,NY
Christmas Lights R Us Of Manhattan,"505 Columbus Ave #793, New York, NY 10024, United States",5,(332) 230-9342,N/A,New York,NY
House of Holiday,"90-02 Atlantic Ave, Ozone Park, NY 11416, United States",4.5,(833) 353-4357,http://www.houseofholiday.com/,New York,NY
Christmas Lights Pros of New York,"344 E 78th St, New York, NY 10075, United States",5,(347) 486-3173,N/A,New York,NY
Christmas in New York - Little Italy,"142 Mulberry St, New York, NY 10013, United States",4.4,(212) 693-1600,https://christmasandcity.com/,New York,NY
Thunder Lighting Supply,"162 Ocean Ave, Lindenhurst, NY 11757, United States",5,(631) 803-9627,https://thunderlightingsupply.com/,New York,NY
Christmas Cottage,"833 7th Ave, New York, NY 10019, United States",4.3,(212) 333-7380,http://christmascottage.com/,New York,NY
Awesome Holiday Lights House,"1102 E 72nd St, Brooklyn, NY 11234, United States",5,N/A,N/A,New York,NY
Riverhead Holiday Light Show,"2549 Splish Splash Dr, Calverton, NY 11933, United States",4.1,(631) 210-6711,http://riverheadlightshow.com/,New York,NY
Foundry Lighting,"225 E 58th St, New York, NY 10022, United States",4.5,(212) 759-9332,https://www.foundrylighting.com/,New York,NY
The Long Island Holiday Lighting Co | Christmas Light Installations,"28 Westminster Ct S, Nesconset, NY 11767, United States",5,(631) 203-6848,https://www.theliholidaylightingcompany.com/,New York,NY
Holiday Lights of Long Island,"6318 Jericho Turnpike, Commack, NY 11725, United States",5,(631) 260-1420,https://holidaylightslongisland.com/,New York,NY
Available Light of New York,"2920 37th Ave, Long Island City, NY 11101, United States",4.5,(718) 707-9670,http://www.alny.net/,New York,NY
We Hang Christmas Lights,"50-47 45th St, Woodside, NY 11377, United States",5,(646) 342-9036,https://www.wehangchristmaslightsny.com/,New York,NY
Blinky's Christmas Lights | Professional Christmas Lights Installation,"Wantagh Ave, Wantagh, NY 11793, United States",5,(516) 214-5488,http://www.blinkyschristmaslights.com/,New York,NY
Hi-Light Lighting & Vanities,"2455 Central Park Ave, Yonkers, NY 10710, United States",4.8,(914) 779-6628,https://hilight.com/,New York,NY
Lendy Electric's Lighting Showroom,"137 Bowery, New York, NY 10002, United States",4.2,(212) 431-3880,N/A,New York,NY
EAST COAST CHRISTMAS LIGHTS,"2045 85th St UNIT 2, North Bergen, NJ 07047, United States",5,(844) 768-8873,http://eastcoastchristmaslights.com/,New York,NY
Christmas Lighting,"225 Adams St, Brooklyn, NY 11201, United States",0,N/A,N/A,New York,NY
Holly Jolly Holiday Hangers,"1750 Washington Dr, Merrick, NY 11566, United States",5,(516) 815-9688,https://www.hollyjollyholidayhangers.com/,New York,NY
Visual Comfort & Co.,"200 Lexington Ave #101, New York, NY 10016, United States",4.7,(212) 725-2500,https://www.visualcomfort.com/manhattan/,New York,NY
Union Square Holiday Market,"E 14th St, New York, NY 10011, United States",4.5,(212) 529-9262,http://www.usqholiday.nyc/,New York,NY
Brite Nites | Holiday & Outdoor Lighting,"501 W Broadway Ste. 800, San Diego, CA 92101, United States",4.9,(619) 331-3547,http://britenites.com/,San Diego,CA
San Diego SociaLights,"3906 Park Blvd b, San Diego, CA 92103, United States",4.6,(619) 352-0654,http://www.sdsocialights.com/,San Diego,CA
City Lights,"1212 Knoxville St, San Diego, CA 92110, United States",4.5,(619) 275-1006,http://www.citylightscollectibles.com/,San Diego,CA
North County Holiday Lights,"1251 Sundown Glen, Escondido, CA 92026, United States",5,(760) 760-7010,http://sdnorthcountyholidaylights.com/,San Diego,CA
SD Party Lights,"16776 Bernardo Center Dr #203, San Diego, CA 92128, United States",5,(858) 208-0320,http://www.sdpartylights.com/,San Diego,CA
Cool Lights,"849 W Harbor Dr, San Diego, CA 92101, United States",3.3,(210) 639-7746,N/A,San Diego,CA
Illuminate Christmas Light Installation - San Diego,"15970 Bernardo Center Dr, San Diego, CA 92127, United States",5,(858) 223-9627,https://christmaslightsandiego.com/?utm_source=googlebusinessprofile&utm_medium=organic&utm_campaign=Google+Business+Profile,San Diego,CA
San Diego Christmas Lights,"840 N 4th St, El Cajon, CA 92019, United States",0,(858) 480-5359,N/A,San Diego,CA
Merry-tage Court,"11371 MERRITAGE Ct, San Diego, CA 92131, United States",4.8,N/A,N/A,San Diego,CA
Coastal Christmas Del Mar,"2260 Jimmy Durante Blvd, Del Mar, CA 92014, United States",3.1,N/A,https://www.coastalchristmasdelmar.com/,San Diego,CA
Christmas on Knob Hill,"1639 Knob Hill Rd, San Marcos, CA 92069, United States",4.7,N/A,http://christmasonknobhill.com/,San Diego,CA
CLC Christmas Lighting & Decor,"2191 Main St ste m, San Diego, CA 92113, United States",0,(619) 276-9627,http://clc-sd.com/,San Diego,CA
Get Lit Seasonal Lighting,"3471 Caminito Sierra UNIT 304, Carlsbad, CA 92009, United States",5,(760) 809-3389,http://getlitseasonallighting.com/,San Diego,CA
Club Wyndham Harbour Lights,"911 Fifth Ave, San Diego, CA 92101, United States",4.4,(619) 564-3500,https://www.extraholidays.com/san-diego-california/wyndham-harbour-lights?Identifier=psearch&hotelid=15525&utm_medium=referral&utm_source=google.com-local&utm_campaign=yext&utm_content=wynharbourlights,San Diego,CA
Lighting Distinctions,"270 N El Camino Real F-15, Encinitas, CA 92024, United States",5,(760) 635-3341,https://lightingdistinctions.com/?utm_source=gmb&utm_medium=organic,San Diego,CA
TAP Lighting,"3690 Sixth Ave, San Diego, CA 92103, United States",4.8,(619) 692-0065,http://www.taplighting.com/,San Diego,CA
San Diego City Lights Night Tour,"825 W Harbor Dr, San Diego, CA 92101, United States",3.5,N/A,N/A,San Diego,CA
Pro Light Hangers,"1273 Clarendon St, El Cajon, CA 92021, United States",5,(888) 660-2599,http://prolighthangers.com/,San Diego,CA
San Diego Holiday Lighting,"120 4th St, Encinitas, CA 92024, United States",0,(760) 277-4485,N/A,San Diego,CA
Prairie Lights,"5610 Lake Ridge Pkwy, Grand Prairie, TX 75052, United States",4.2,(972) 237-4569,http://prairielights.org/,Dallas,TX
Xmas Light Co,"8019 Military Pkwy, Dallas, TX 75227, United States",4.3,(214) 515-9627,http://www.xmaslightco.com/,Dallas,TX
"Holiday Eaves Lighting & Accessories, LLC","11272 Leo Ln, Dallas, TX 75229, United States",0,(720) 934-7007,https://www.holidayeaveslighting.com/contact-us/,Dallas,TX
Jolly Holiday Lights,"4018 David Dr, Rowlett, TX 75088, United States",4.7,(469) 671-9503,https://www.jollyholidaylights.com/,Dallas,TX
JellyFish Lighting,"2225 E Belt Line Rd, Carrollton, TX 75006, United States",4.6,(214) 501-0329,https://jellyfishlighting.com/,Dallas,TX
Frosty's Holiday Lighting LLC,"11410 Mathis Ave, Farmers Branch, TX 75234, United States",5,(972) 267-3719,http://www.frostysholidaylightingllc.com/,Dallas,TX
Higher Ground Christmas Lights,"3225 Southwestern Blvd Suite 100, Dallas, TX 75225, United States",5,(214) 531-3369,https://highergroundlm.com/dallas-christmas-light-installation/,Dallas,TX
Certified Lights,"10221 Corkwood Rd STE 100, Dallas, TX 75238, United States",5,(972) 512-0000,https://certifiedlights.com/,Dallas,TX
North Dallas Christmas Lights,"11259 Goodnight Ln, Dallas, TX 75229, United States",5,(469) 354-4561,http://www.northdallaschristmaslights.com/,Dallas,TX
Holiday Warehouse,"2819 W 15th St, Plano, TX 75075, United States",4.2,(469) 814-0802,http://www.holidaywarehouse.com/,Dallas,TX
Lights by Veterans,"11109 Joaquin Dr, Dallas, TX 75228, United States",5,(469) 900-5656,N/A,Dallas,TX
Discount LED Lights and Signs,"11261 Harry Hines Blvd # A120, Dallas, TX 75229, United States",4.5,(833) 347-2533,https://discountled.us/,Dallas,TX
DFW Holiday Kings - Lighting Installers,"807 Oak St, McKinney, TX 75069, United States",5,(817) 776-5055,https://www.dfwholidaykings.com/,Dallas,TX
Willow Glen Holiday Lights,"1005 Cherry Ave, San Jose, CA 95125, United States",4.6,N/A,N/A,San Jose,CA
Bobby and Genée Holiday Lights,"259 Kaybe Ct, San Jose, CA 95139, United States",5,(408) 833-2096,https://www.facebook.com/bobbyandgeneeholidaylights,San Jose,CA
The Holiday Light Pros,"47635 Lakeview Blvd, Fremont, CA 94538, United States",5,(408) 900-2811,http://www.theholidaylightpros.com/,San Jose,CA
Christmas In The Park,"194 South Market Street Drive Thru:, 799 Phelan Ave, San Jose, CA 95113, United States",4.4,(408) 271-9627,http://www.christmasinthepark.com/,San Jose,CA
Wright Lighting and Fireside,"1572 Meridian Ave, San Jose, CA 95125, United States",4.4,(408) 979-0800,https://www.wrightlighting.com/,San Jose,CA
Bay Area Event Lights,"60 Dillon Ave, Campbell, CA 95008, United States",5,(408) 502-7229,http://bayareaeventlights.com/,San Jose,CA
Illumn,"760 Charcot Ave, San Jose, CA 95131, United States",4.5,(408) 800-1051,http://www.illumn.com/,San Jose,CA
Lights on California,"948 California Ave, San Jose, CA 95125, United States",5,N/A,https://www.facebook.com/LightsOnCalifornia,San Jose,CA
Exhibition Lighting,"350 S 1st St, San Jose, CA 95113, United States",2.6,N/A,N/A,San Jose,CA
"Holiday Inn San Jose - Silicon Valley, an IHG Hotel","1350 N First St, San Jose, CA 95112, United States",3.9,(408) 453-6200,https://www.ihg.com/holidayinn/hotels/us/en/san-jose/sjccc/hoteldetail?cm_mmc=GoogleMaps-_-HI-_-US-_-SJCCC,San Jose,CA
Morgan Hill Holiday Lights,"620 San Pedro Ave, Morgan Hill, CA 95037, United States",5,(408) 723-8486,N/A,San Jose,CA
Lights on Monet,"4173 Monet Cir, San Jose, CA 95136, United States",4.7,N/A,N/A,San Jose,CA
Christmas Magic,"Park Rd, San Jose, CA 95148, United States",4.1,(925) 587-3644,http://www.christmasmagic.net/,San Jose,CA
Fort Worth Parade of Lights,"777 Taylor St #100, Fort Worth, TX 76102, United States",4.3,(817) 336-2787,http://www.fortworthparadeoflights.org/,Fort Worth,TX
Fort Worth Lighting,"5107 E California Pkwy, Forest Hill, TX 76119, United States",4.6,(817) 534-8500,http://ftworthlighting.com/,Fort Worth,TX
Integra Christmas lights,"1029 Horse Creek Rd #1, Crowley, TX 76036, United States",4.7,(833) 321-9627,http://www.integrachristmaslights.com/,Fort Worth,TX
Elf Squad Holiday Lighting,"1668 Fraser Dr, Burleson, TX 76028, United States",5,(817) 688-4220,N/A,Fort Worth,TX
Interlochen Christmas Lights,"Westwood Dr, Arlington, TX 76012, United States",4.2,N/A,http://lakeinterlochentx.com/,Fort Worth,TX
Diamond Loch Christmas Lights Display,"6300 Diamond Loch N, North Richland Hills, TX 76180, United States",4.9,N/A,N/A,Fort Worth,TX
DFW Lights,"546 Silicon Dr Suite 103, Southlake, TX 76092, United States",4.6,(469) 702-1037,https://dfwlights.com/christmas-light-installation/southlake-keller/,Fort Worth,TX
Prairie Lights,"5610 Lake Ridge Pkwy, Grand Prairie, TX 75052, United States",4.2,(972) 237-4569,http://prairielights.org/,Fort Worth,TX
Christmas Lights Fort Worth,"1016 Cedar Ridge Ln, Burleson, TX 76028, United States",5,(682) 558-0022,N/A,Fort Worth,TX
JB's Holiday Lighting,"5755 Carlisle Ct # 1000, North Richland Hills, TX 76180, United States",4.8,(817) 999-2119,N/A,Fort Worth,TX
Brighter Nights Christmas Lighting,"7708 Waxwing Cir W, Fort Worth, TX 76137, United States",5,(817) 690-6605,N/A,Fort Worth,TX
Christmas Company LLC,"4455 Camp Bowie Blvd #114, Fort Worth, TX 76107, United States",0,(817) 629-8404,https://christmascompany.com/,Fort Worth,TX
Fort Worth Lighting Warehouse,"7621 Rendon Bloodworth Rd, Fort Worth, TX 76140, United States",4.2,(817) 483-9577,http://ftworthlighting.com/,Fort Worth,TX
TXF Light Source,"9901 E Bankhead Hwy Suite F Warehouse, Aledo, TX 76008, United States",5,(469) 926-9893,http://www.txflightsource.com/,Fort Worth,TX
Zilker Holiday Tree,"2100 Barton Springs Rd, Austin, TX 78746, United States",4.5,(512) 974-6700,http://www.austintexas.gov/zilkerholidaytree,Austin,TX
EZ Holiday Lights,"13200 Pond Springs Rd, Austin, TX 78729, United States",4.5,(512) 632-4668,https://www.ezhlaustin.com/,Austin,TX
Dennington Decor Holiday Lighting,"3802 Prairie Ln, Austin, TX 78728, United States",4.6,(512) 872-5937,http://www.denningtondecor.com/,Austin,TX
Holiday Lighting & Creations,"10505 Twilight Vista, Austin, TX 78736, United States",5,(512) 861-1563,https://www.holidaylightingcreations.com/,Austin,TX
Maywald Christmas Light Display,"10505 Twilight Vista, Austin, TX 78736, United States",4.9,N/A,https://maywaldchristmasdisplay.weebly.com/,Austin,TX
Astoria Lighting Co - Austin,"209 E Ben White Blvd #110, Austin, TX 78704, United States",4.9,(512) 553-3441,https://astorialightingco.com/,Austin,TX
Luminary Lights Austin,"900 Blackson Ave #14165, Austin, TX 78752, United States",4.5,(512) 540-4366,N/A,Austin,TX
The Perfect Light,"14707 Fitzhugh Rd Unit a200, Austin, TX 78736, United States",4.9,(512) 890-9635,https://theperfectlight.com/,Austin,TX
"Lightcrafters, Inc.","9603 Saunders Ln, Austin, TX 78758, United States",5,(512) 458-5406,https://www.lightcrafters.com/,Austin,TX
Full Color Christmas Lights,"1044 Camino La Costa Ste 2102, Austin, TX 78752, United States",5,(737) 252-8261,https://fullcolorchristmaslights.com/,Austin,TX
H&L Holiday Lights,"216 Merrick Rd, Georgetown, TX 78628, United States",5,(512) 595-1832,http://www.handlholidaylights.com/,Austin,TX
Lighting Inc.,"10401 Burnet Rd, Austin, TX 78758, United States",4.3,(512) 491-6444,https://www.lightinginc.com/,Austin,TX
Got Lights?,"10027 Longhorn Skyway, Dripping Springs, TX 78620, United States",3.9,(512) 394-1990,http://www.gotlights.net/,Austin,TX
Holiday Bright Lights,"404 Millington Ln, Buda, TX 78610, United States",5,(512) 626-8400,http://www.plantscapesolutions.net/,Austin,TX
37th Street Lights,"507 W 37th St, Austin, TX 78705, United States",4.6,N/A,https://thirtyseventhstreetlights.github.io/?fbclid=IwAR3p6CCSCgwQaGXr8mY-GvbcHsISPzSHlQTpjTSywraExJ7zOimQMLz54D4,Austin,TX
Austin Area Christmas Lighting,"216 W University Ave, Georgetown, TX 78626, United States",0,(512) 222-9024,N/A,Austin,TX
Lights Fantastic Pro,"7532 Burnet Rd, Austin, TX 78757, United States",3.9,(512) 452-9511,https://lightsfantasticpro.com/,Austin,TX
Dripping Springs Christmas Lights,"4708 W Fitzhugh Rd, Dripping Springs, TX 78620, United States",5,(512) 944-7397,http://drippingspringschristmaslights.com/,Austin,TX
San Francisco Holiday Lighting,"204 Michelle Ct, South San Francisco, CA 94080, United States",5,(415) 683-0250,http://sfholidaylighting.com/,San Francisco,CA
Christmas in San Francisco,"K105A Pier 39, Beach Street, Christmas in, San Francisco, CA 94133, United States",4.3,(415) 780-1053,http://www.christmasandcity.com/,San Francisco,CA
Jolly Lights | Holiday Lighting Experts,"1817 Chestnut St, San Francisco, CA 94123, United States",5,(888) 415-4569,https://www.jollylights.com/,San Francisco,CA
Bright Services • Holiday Lighting,"349 San Carlos St, San Francisco, CA 94110, United States",5,(415) 712-6512,http://www.sfbrightservices.com/,San Francisco,CA
Best Impression Holiday Lighting,"826 Busch Ct, Columbus, OH 43229, United States",5,(614) 867-7759,N/A,Columbus,OH
Holiday Lighting Heroes of Greater Columbus,"Lawn Doctor of Greater Columbus, 1005 Old Henderson Rd, Columbus, OH 43220, United States",5,(614) 779-0368,https://holidaylightingheroes.com/columbus-oh/,Columbus,OH
Light Up Columbus,"7455 Daron Ct Unit 300, Plain City, OH 43064, United States",5,(614) 832-3139,https://lightupcolumbus.com/,Columbus,OH
Dragon Lights,"717 E 17th Ave, Columbus, OH 43211, United States",4.5,(888) 484-2698,N/A,Columbus,OH
Stillwater Holiday Lights,"6478 Fiesta Dr, Columbus, OH 43235, United States",5,(614) 553-8505,https://stillwaterholidaylights.com/,Columbus,OH
The Light Before Christmas,"7510 Montgomery Dr, Plain City, OH 43064, United States",4.4,(614) 335-2000,http://lightbeforechristmas.com/,Columbus,OH
Butch Bando's Fantasy Of Lights,"3311 S Old State Rd, Delaware, OH 43015, United States",4.4,(614) 412-3499,http://butchbandosfantasyoflights.com/,Columbus,OH
Panic Lighting Co,"3251 Silver Dr, Columbus, OH 43224, United States",4.6,(614) 262-8527,https://www.paniclightingco.com/,Columbus,OH
614 Lights,"3492 Snouffer Rd, Columbus, OH 43235, United States",5,(614) 318-4050,https://614lights.com/,Columbus,OH
WonderLight's Christmas in Ohio,"14028 Fairgrounds Rd, Hartford, OH 43013, United States",4.7,N/A,https://www.wonderlightschristmas.com/ohio,Columbus,OH
John F. Wolfe Columbus Commons,"160 S High St, Columbus, OH 43215, United States",4.6,(614) 545-4701,http://columbuscommons.org/,Columbus,OH
Capital Lighting,"901 Polaris Pkwy, Columbus, OH 43240, United States",3.8,(614) 841-1200,http://capitallightinginc.com/,Columbus,OH
Franklin Park Conservatory and Botanical Gardens,"1777 E Broad St, Columbus, OH 43203, United States",4.8,(614) 715-8000,http://fpconservatory.org/,Columbus,OH
Charlotte Holiday Lights,"3540 Toringdon Way Suite 200 245, Charlotte, NC 28277, United States",5,(704) 981-9393,https://www.charlotteholidaylights.com/,Charlotte,NC
Charlotte Christmas Village,"324 S Mint St, Charlotte, NC 28202, United States",3.5,N/A,http://www.cltchristmasvillage.com/,Charlotte,NC
Holiday Light Installers,"2915 Lake Dr, Charlotte, NC 28269, United States",5,(704) 266-2366,http://cltlights.com/,Charlotte,NC
Southern Christmas Show,"The Park Expo and Conference Center, 800 Briar Creek Rd, Charlotte, NC 28205, United States",4.3,(888) 605-3071,https://southernchristmasshow.com/,Charlotte,NC
Charlotte Trimlight,"3716 Providence Rd S, Waxhaw, NC 28173, United States",4.9,(704) 462-7209,http://charlottetrimlight.com/,Charlotte,NC
Light Fixture Outlet,"414 Foster Ave, Charlotte, NC 28203, United States",4.6,(704) 523-6462,https://queencitystudioclt.com/,Charlotte,NC
Christmastown USA,"212 Wesleyan Dr, McAdenville, NC 28101, United States",4.6,(704) 824-3190,https://townofmcadenville.org/christmas-town-usa/,Charlotte,NC
The Christmas Team,"6636 E W.T. Harris Blvd, Charlotte, NC 28215, United States",4.8,(704) 228-4422,https://thechristmasteam.com/,Charlotte,NC
Marvelous Lights,"1105 Technology Dr unit d, Indian Trail, NC 28079, United States",5,(704) 870-3313,http://getmarvelouslights.com/?utm_campaign=gmb&utm_medium=website+click&utm_source=gmb,Charlotte,NC
Carolina Holiday Light Spectacular,"11611 N Community House Rd, Charlotte, NC 28277, United States",0,N/A,https://ncholidaylights.com/,Charlotte,NC
charlotteELF LLC,"631 Ennis Rd, Waxhaw, NC 28173, United States",5,(704) 736-3537,http://www.charlotteelf.com/,Charlotte,NC
Southern Lightscapes,"3909 Miriam Dr, Charlotte, NC 28205, United States",5,(704) 336-9309,https://southernlightscapes.com/,Charlotte,NC
Lighting & Bulbs Unlimited,"4335 Monroe Rd, Charlotte, NC 28205, United States",4.9,(704) 602-0150,https://lightingandbulbsunlimited.com/?utm_source=google-my-business&utm_medium=website-button&utm_campaign=gmb,Charlotte,NC
Speedway Christmas Lights Winterfest Christmas Village at the Charlotte Motor Speedway,"5571 Concord Pkwy S, Concord, NC 28027, United States",2.4,N/A,https://www.charlottemotorspeedway.com/events/speedway-christmas/,Charlotte,NC
J. Landon Decorative Lighting,"2504 Dunavant St, Charlotte, NC 28203, United States",4.8,(704) 376-4522,http://jlandon.com/,Charlotte,NC
Modern Lighting Design Store,"2226 Hawkins St, Charlotte, NC 28203, United States",4.4,(704) 332-0109,https://modernlightingdesign.com/,Charlotte,NC
Christmas Decor North Charlotte,"11521 Reames Rd B, Charlotte, NC 28269, United States",0,(540) 525-6856,https://www.christmasdecor.net/locations/christmas-decor-of-north-charlotte/,Charlotte,NC
Lights On Indian Beech,"9592 Indian Beech Ave NW, Concord, NC 28027, United States",5,N/A,https://www.facebook.com/LightsonIndianbeech,Charlotte,NC
Indy Christmas Light Pro's,"2201 E 46th St Ste 132, Indianapolis, IN 46205, United States",4.9,(317) 608-6535,https://www.indychristmaslightpros.com/?utm_source=google&utm_medium=organic&utm_campaign=gmb,Indianapolis,IN
Christmas Nights of Lights,"1101 42nd St, Indianapolis, IN 46205, United States",4.5,N/A,https://www.christmasnightsoflights.com/,Indianapolis,IN
Christmas Lights Indy,"4840 E 23rd St, Indianapolis, IN 46218, United States",5,(317) 659-8492,http://christmaslightsindy.com/,Indianapolis,IN
USA Lighting,"6349 Shanghai Rd, Indianapolis, IN 46278, United States",5,(317) 495-4534,http://www.usalightingdesign.com/,Indianapolis,IN
Christmas Light Installers,"5335 Helena Ave, Indianapolis, IN 46237, United States",4.9,(317) 847-0687,https://christmaslightinstallersindianapolis.com/?utm_source=organic&utm_medium=social&utm_campaign=gmb,Indianapolis,IN
Indiana Light Show,"1900 E Broadway St, Ingalls, IN 46048, United States",4.6,(574) 214-9477,http://indylightshow.com/,Indianapolis,IN
Lightin Up,"4021 W 71st St, Indianapolis, IN 46268, United States",5,(317) 680-0995,https://www.lightinup.co/,Indianapolis,IN
Christmas of Lights,"5990 N CR 550 E, Pittsboro, IN 46167, United States",4.9,N/A,https://www.facebook.com/Christmas-of-Lights-2372285022998637/,Indianapolis,IN
Indiana Lighting Center,"8060 Shadeland Ave, Indianapolis, IN 46250, United States",3.8,(317) 915-7000,https://www.indianalighting.com/,Indianapolis,IN
Lightin UP,"4451 Old Allisonville Rd, Indianapolis, IN 46205, United States",5,(317) 680-0995,https://www.lightinup.co/contact-us-1,Indianapolis,IN
Blingle Premier Lighting,"5777 Park Plaza Ct, Indianapolis, IN 46220, United States",5,(317) 793-2342,https://blingle.com/indianapolis-indiana/?frlocid=b-152&utm_source=gbp&utm_medium=organic+search,Indianapolis,IN
Gleam Electrical and Lighting Design,"5644 S Meridian St Suite D, Indianapolis, IN 46217, United States",5,(317) 561-0955,https://gleamlightingexperts.com/?utm_source=google&utm_medium=organic&utm_campaign=googlemybusiness,Indianapolis,IN
Indianapolis Christmas Carnival,"7010 E Raymond St, Indianapolis, IN 46239, United States",4.3,(812) 361-3595,https://indianapolischristmascarnival.com/,Indianapolis,IN
The Lampliter,"9559 Valparaiso Ct, Indianapolis, IN 46268, United States",5,(317) 827-0250,https://www.thelampliter.com/,Indianapolis,IN
Lighthouse Outdoor Lighting and Audio of Indianapolis,"545 Christy Dr #7206, Greenwood, IN 46143, United States",4.9,(317) 214-8716,https://lighthouse-lights.com/office-indiana-indianapolis/,Indianapolis,IN
Lights Out Entertainment | Indianapolis DJs for Weddings & Events,"947 N Gibson Ave, Indianapolis, IN 46219, United States",5,(317) 362-6754,https://indyeventdjs.com/,Indianapolis,IN
National Christmas Tree,"15th St NW &, E St NW, Washington, DC 20500, United States",4,(202) 796-2500,http://thenationaltree.org/,Washington,DC
Twistmas Lights,"310 M St NW, Washington, DC 20001, United States",0,(844) 894-7862,https://twistmas.com/contact-us/,Washington,DC
Illuminations Inc. (Studio by appointment only.),"Studio by appointment only, 308 Florida Ave NW, Washington, DC 20001, United States",4.7,(202) 783-4888,http://www.illuminc.com/,Washington,DC
Visual Comfort & Co.,"1831 14th St NW, Washington, DC 20009, United States",4.2,(202) 342-1300,https://www.visualcomfort.com/washington-dc/,Washington,DC
Winter Lights Festival,"11950 Clopper Rd, Gaithersburg, MD 20878, United States",4.1,(301) 258-6350,http://www.gaithersburgmd.gov/recreation/special-events/winter-lights-festival,Washington,DC
"Twinkle Nights, Christmas Lights & Event Rentals","1201 Cassat Ave, Jacksonville, FL 32205, United States",4.7,(844) 820-4613,https://twinklenights.com/,Jacksonville,FL
First Coast Christmas Lights,"910 11th Ave S, Jacksonville Beach, FL 32250, United States",5,(904) 923-3444,https://firstcoastchristmaslights.dripjobs.com/appointmentrequests,Jacksonville,FL
Smith's Lights on Rue,"4930 Rue St, Jacksonville, FL 32258, United States",4.8,N/A,https://www.facebook.com/profile.php?id=100057375012800,Jacksonville,FL
Festival lighting,"5211 Phillip Hyw, Jacksonville, FL 32256, United States",0,(904) 638-2283,N/A,Jacksonville,FL
Dream Lights of Florida,"7540 103rd St suite 206, Jacksonville, FL 32210, United States",4.9,N/A,http://www.dreamlightsfl.com/,Jacksonville,FL
Christmas On Crystal Springs,"10580 Crystal Springs Rd, Jacksonville, FL 32221, United States",4.6,N/A,http://www.christmasoncrystalsprings.com/,Jacksonville,FL
Girvin road light,"13167 Blackhawk Trail S, Jacksonville, FL 32225, United States",4.5,N/A,N/A,Jacksonville,FL
Action Seasonal Decor and Christmas Lights,"6001 Argyle Forest Blvd, Jacksonville, FL 32244, United States",1,(904) 900-2800,https://www.actionirrigation.com/christmas-decor,Jacksonville,FL
"Christmas Decor by Southeast Works, Inc.","4656-4 Collins Rd, Jacksonville, FL 32244, United States",0,(904) 579-4422,https://www.christmasdecor.net/locations/christmas-decor-by-southeast-works-inc/,Jacksonville,FL
Get Lights Of Joy,"3259 Racquet Ct, Jacksonville, FL 32277, United States",5,(904) 206-8587,https://www.getlightsofjoy.com/,Jacksonville,FL
First Coast Lighting and Fans,"10130 Philips Hwy, Jacksonville, FL 32256, United States",4.7,(904) 379-8828,http://firstcoastlighting.com/,Jacksonville,FL
Blackhawk Bluff Christmas Display Girvin Road,"1419 Yamasi Trail, Jacksonville, FL 32225, United States",4.8,(904) 548-8124,https://www.facebook.com/Blackhawk-Bluff-Christmas-Lights-display-on-Girvin-102747481722668/,Jacksonville,FL
House of Lamps & Shades,"11690 Beach Blvd, Jacksonville, FL 32246, United States",4.8,(904) 565-9800,http://www.holas.us/,Jacksonville,FL
Jax Illuminations,"9501 Arlington Expy, Jacksonville, FL 32225, United States",2.6,(904) 316-5673,https://jaxilluminations.com/,Jacksonville,FL
Stewart Lighting,"11111 San Jose Blvd, Jacksonville, FL 32223, United States",4.9,(904) 880-8499,https://stewartlighting.com/,Jacksonville,FL
Blingle Premier Lighting,"10221 Beach Blvd Unit 3, Jacksonville, FL 32246, United States",4.7,(904) 977-8928,https://blingle.com/jacksonville-florida?frlocid=b-148&utm_source=gbp&utm_medium=organic+search,Jacksonville,FL
Jack's Christmas Light Spectacular,"4204 Garibaldi Ave, Jacksonville, FL 32210, United States",5,N/A,https://linktr.ee/jackslightspectacular,Jacksonville,FL
L3R Lighting,"8880 Corporate Square Ct, Jacksonville, FL 32216, United States",0,(904) 355-3490,N/A,Jacksonville,FL
"Jacksonville Light Bulb Delivery, Inc","144 Stockton St, Jacksonville, FL 32204, United States",4.5,(904) 260-2444,N/A,Jacksonville,FL
Stage Lighting Store,"8535 Baymeadows Rd #59, Jacksonville, FL 32256, United States",4.5,(904) 683-5553,http://www.stagelightingstore.com/,Jacksonville,FL
Lights on Grand Parke,"776 Grand Parke Dr, St Johns, FL 32259, United States",4.8,(904) 502-2695,http://lightsongrandparke.remotefalcon.com/,Jacksonville,FL
"Deck The Chairs, Inc","1st Ave North and, 75 1st St N, Jacksonville Beach, FL 32250, United States",4.7,(904) 716-3853,http://deckthechairs.org/,Jacksonville,FL
Lights on Losco,"5084 Losco Rd, Jacksonville, FL 32257, United States",4.8,N/A,https://www.bumdunnfamilylightshow.com/,Jacksonville,FL
Holiday Lights Florida,"1036 Noreen Blvd, Rockledge, FL 32955, United States",5,(321) 316-3434,http://www.holidaylightsflorida.com/,Jacksonville,FL
Illuminite lighting,"2771 Monument Rd Ste 29, Jacksonville, FL 32225, United States",5,(904) 239-6039,http://www.illuminitelighting.com/,Jacksonville,FL
Lucky Palm Lighting,"1514 Roberts Dr Suite 2, Jacksonville Beach, FL 32250, United States",5,(904) 694-5200,https://luckypalmlighting.com/,Jacksonville,FL
"Holiday Inn Express & Suites Jacksonville - Blount Island, an IHG Hotel","10148 New Berlin Rd, Jacksonville, FL 32226, United States",4.1,(904) 696-3333,https://www.ihg.com/holidayinnexpress/hotels/us/en/jacksonville/jaxsn/hoteldetail?cm_mmc=GoogleMaps-_-EX-_-US-_-JAXSN,Jacksonville,FL
"Holiday Inn Jacksonville E 295 Baymeadows, an IHG Hotel","11083 Nurseryfields Dr, Jacksonville, FL 32256, United States",4.2,(904) 854-8000,https://www.ihg.com/holidayinn/hotels/us/en/jacksonville/jaxes/hoteldetail?cm_mmc=GoogleMaps-_-HI-_-US-_-JAXES,Jacksonville,FL
Jax Stage Lighting Co,"640 Lane Ave N, Jacksonville, FL 32254, United States",3,(904) 781-6416,http://www.jaxstage.com/,Jacksonville,FL
Classic Lighting Corporation,"157 E 22nd St, Jacksonville, FL 32206, United States",4.2,(904) 645-5000,http://www.classiclightingusa.com/,Jacksonville,FL
"Holiday Inn Express Jacksonville Beach, an IHG Hotel","1101 Beach Blvd, Jacksonville Beach, FL 32250, United States",4.3,(904) 435-3000,https://www.ihg.com/holidayinnexpress/hotels/us/en/jacksonville-beach/jaxbb/hoteldetail?cm_mmc=GoogleMaps-_-EX-_-US-_-JAXBB,Jacksonville,FL
Colorado Holiday Lights,"301 Inverness Way S, Englewood, CO 80112, United States",5,(720) 795-8445,N/A,Denver,CO
Christmas Light Professionals,"3300 S Knox Ct unit c, Greenwood Village, CO 80110, United States",4.9,(303) 800-4676,http://www.thelightpros.com/,Denver,CO
Denver Christmas Lights Displays,"5277 Kittredge St, Denver, CO 80239, United States",5,(720) 296-7711,https://denverchristmaslightdisplay.com/,Denver,CO
Above All Holiday Lighting,"4860 S Acoma St, Englewood, CO 80110, United States",4.9,(303) 578-8177,http://www.aboveallholidaylighting.com/,Denver,CO
Novelty Lights LLC,"9800 E Easter Ave STE 160, Centennial, CO 80112, United States",4.5,(800) 209-6122,http://www.noveltylights.com/,Denver,CO
Brite Nites | Holiday & Outdoor Lighting,"720 S Colorado Blvd Penthouse North, Denver, CO 80246, United States",5,(970) 536-8353,https://britenites.com/,Denver,CO
Colorado Christmas Lights,"2186 S Holly St #10, Denver, CO 80222, United States",4,(720) 776-2575,https://www.coloradochristmaslights.com/christmas-light-installation-denver?utm_campaign=Local%20Search&utm_medium=Website%20click&utm_source=GMB%20Denver,Denver,CO
Lighthouse Outdoor Lighting and Audio of Denver,"9940 E Costilla Ave j, Centennial, CO 80112, United States",4.9,(720) 501-3648,https://lighthouse-lights.com/office-colorado-denver/,Denver,CO
Christmas Light Contractors,"2670 S Lafayette St, Denver, CO 80210, United States",5,(720) 778-0213,http://christmaslightsco.com/,Denver,CO
Brilliant Christmas Lights,"4444 Morrison Rd #3, Denver, CO 80219, United States",5,(720) 702-9991,https://brilliantchristmaslights.com/christmas-light-installation-in-denver-co/?utm_source=gmb&utm_medium=organic&utm_campaign=Denver,Denver,CO
Denver Zoo Lights,"2900 E 23rd Ave, Denver, CO 80205, United States",4.4,(720) 337-1400,https://denverzoo.org/events/zoolights/,Denver,CO
Denver Christmas Light Installers,"2821 S Parker Rd Tower 2, Suite 25, Aurora, CO 80014, United States",5,(303) 521-0588,https://www.denverchristmaslightinstallers.com/,Denver,CO
Urban Lights,"1393 S Santa Fe Dr, Denver, CO 80223, United States",4.5,(303) 989-8895,https://hello.urbanlightsdenver.com/,Denver,CO
HoliGlows Christmas Lights Installation and Removal,"5031 S Ulster St, Denver, CO 80237, United States",5,(720) 940-4562,https://holiglows.com/,Denver,CO
Landmark Design Company,"4950 S Yosemite St Suite F2-105, Greenwood Village, CO 80111, United States",5,(303) 956-9559,http://www.landmarkdesignco.com/,Denver,CO
Family Holiday Lighting,"1840 Delaware Pl, Longmont, CO 80501, United States",5,(720) 804-9908,https://familyholidaylighting.com/,Denver,CO
St. Nicks Christmas and Collectibles,"5221 S Santa Fe Dr, Littleton, CO 80120, United States",4.7,(303) 798-8087,https://stnicks.com/,Denver,CO
Lūme Landscape Lighting,"3031 Bellaire St, Denver, CO 80207, United States",4.6,(720) 507-8288,http://www.lumedenver.com/,Denver,CO
DEKOR Lighting,"2655 S Santa Fe Dr #4a, Denver, CO 80223, United States",3.5,(303) 991-2285,https://www.dekorlighting.com/,Denver,CO
The Perfect Christmas Lights Of Aurora,"2186 S Holly St #10, Denver, CO 80222, United States",5,(720) 669-0578,N/A,Denver,CO
Seattle Holiday Lights,"9585 8th Ave S, Seattle, WA 98108, United States",5,(206) 682-0221,https://www.seattleholidaylights.com/,Seattle,WA
Lumaze Seattle,"2001 W Garfield St, Seattle, WA 98119, United States",3.6,N/A,N/A,Seattle,WA
Flemings Holiday and Event Lighting,"5607 29th Ave SW, Seattle, WA 98106, United States",1,(206) 938-7405,http://www.flemingsholidaylighting.com/,Seattle,WA
Seattle Lighting,"222 2nd Ave Ext S, Seattle, WA 98104, United States",4.2,(206) 622-4736,http://www.seattlelighting.com/,Seattle,WA
Seattle Lighting – Clearance Center,"26 S Hanford St, Seattle, WA 98134, United States",4,(206) 268-3579,http://www.seattlelighting.com/,Seattle,WA
Luxe Lighting Company LLC,"8214 Greenwood Ave N, Seattle, WA 98103, United States",5,(206) 457-8535,http://www.luxelightingcompany.com/,Seattle,WA
Destination Lighting,"222 2nd Ave Ext S 2nd floor, Seattle, WA 98104, United States",3.9,(800) 653-6556,http://www.destinationlighting.com/,Seattle,WA
Seattle Lighting,"1882 136th Pl NE, Bellevue, WA 98005, United States",4,(425) 455-2110,http://www.seattlelighting.com/,Seattle,WA
Garden d’Lights,"12001 Main St, Bellevue, WA 98005, United States",4.6,(425) 452-2750,http://www.gardendlights.org/,Seattle,WA
High-Strung Christmas Lights,"431 Ave H, Snohomish, WA 98290, United States",5,(425) 578-5556,https://www.highstrungchristmaslights.com/,Seattle,WA
Pacific Lamp & Supply Company,"5935 4th Ave S, Seattle, WA 98108, United States",4.9,(206) 767-5334,http://www.pacificlamp.com/?utm_source=google&utm_medium=organic&utm_campaign=gbp&utm_content=DAFdR-l6kWY,Seattle,WA
Harold's Lighting,"1912 N 45th St, Seattle, WA 98103, United States",4.5,(206) 633-2557,http://www.haroldslighting.com/?utm_source=local&utm_medium=organic&utm_campaign=gmb,Seattle,WA
Bellevue Lighting - Innovative Stage Systems,"879 Rainier Ave N Suite A100, Renton, WA 98057, United States",5,(425) 230-5230,https://bellevue.lighting/?utm_source=google&utm_medium=local&utm_campaign=gbp,Seattle,WA
The Lighting Group,"1201 S Bailey St, Seattle, WA 98108, United States",4.5,(206) 298-9000,https://lightinggroup.com/,Seattle,WA
4040 House,"4040 47th Ave SW, Seattle, WA 98116, United States",5,N/A,http://www.4040house.com/,Seattle,WA
Visual Comfort & Co.,"1944 1st Ave S, Seattle, WA 98134, United States",4.7,(206) 508-1700,https://www.visualcomfort.com/seattle/,Seattle,WA
LightArt,"4770 Ohio Ave S Ste B, Seattle, WA 98134, United States",4.3,(206) 524-2223,https://lightart.com/,Seattle,WA
Seattle Lighting,"1811 Hewitt Ave, Everett, WA 98201, United States",4.5,(425) 252-4151,http://www.seattlelighting.com/,Seattle,WA
Lights Inc,"120 NW Canal St, Seattle, WA 98107, United States",5,(866) 459-3700,http://www.lightsinc.com/,Seattle,WA
The Lights of Christmas,"20800 Marine Dr, Stanwood, WA 98292, United States",4.6,(800) 228-6724,https://thelightsofchristmas.com/,Seattle,WA
Luna Holiday Lights,"1120 164th St SW A 1, Lynnwood, WA 98087, United States",0,(425) 737-2759,http://lunaholidaylights.com/,Seattle,WA
Seattle Lighting,"6710 Tacoma Mall Blvd, Tacoma, WA 98409, United States",4.2,(253) 475-8730,http://www.seattlelighting.com/,Seattle,WA
"Hollywood Lights, Inc. - Kent","7230 S 227th Pl, Kent, WA 98032, United States",4.1,(206) 292-2353,http://hollywoodlights.com/,Seattle,WA
Chinook lights art installation,"Seattle, WA 98104, United States",0,N/A,N/A,Seattle,WA
World Market,"2103 Western Ave, Seattle, WA 98121, United States",4.4,(206) 443-1055,https://stores.worldmarket.com/wa/seattle/2103-western-avenue.html,Seattle,WA
Keener's Christmas Lights,"16504 112th Pl NE, Bothell, WA 98011, United States",5,N/A,N/A,Seattle,WA
Timothy De Clue Collection,"600 Pine St #105, Seattle, WA 98101, United States",4.6,(206) 604-9443,https://timothydecluecollection.com/,Seattle,WA
Urban Light Studios Photography,"308 1st Ave, Seattle, WA 98104, United States",4.7,(206) 681-9316,http://www.urbanlightstudios.com/,Seattle,WA
Maddie York Lighting,"3131 Western Ave #321, Seattle, WA 98121, United States",0,(206) 641-5060,N/A,Seattle,WA
Holiday Lights & Design,"15923 NE 83rd Ct, Redmond, WA 98052, United States",0,(206) 939-2047,https://holidaylightsanddesign.com/contact,Seattle,WA
Brite Nites,"1455 Leary Wy NW Suite 400, Seattle, WA 98107, United States",0,(253) 447-1118,https://www.britenites.com/locations/washington/,Seattle,WA
Lights Actually Christmas Show,"8106 8th Ave NE, Seattle, WA 98115, United States",5,N/A,https://www.facebook.com/lightsactually/,Seattle,WA
Hansen Lamp & Shade LLC,"7520 35th Ave NE Suite 3, Seattle, WA 98115, United States",4.7,(206) 363-1635,N/A,Seattle,WA
Zaske Christmas Lights,"3519 Bagley Ave N, Seattle, WA 98103, United States",0,N/A,N/A,Seattle,WA
